{"cameraMode":{"drawMode":0,"name":"Shaded","section":"Shading Mode"},"sceneLighting":true,"audioPlay":false,"sceneViewState":{"showFog":true,"showMaterialUpdate":true,"showSkybox":true,"showFlares":true,"showImageEffects":true,"showParticleSystems":true},"in2DMode":false,"pivot":{"x":2.132327079772949,"y":0.9803978800773621,"z":-0.8548598289489746},"rotation":{"x":0.055687062442302707,"y":0.6537588238716126,"z":-0.04834136366844177,"w":0.7531012296676636},"size":6.757885456085205,"orthographic":false}